station_key,version_no,source_id,station_name,moved_m_from_previous,first_seen,last_seen,endpoint_events
3,1,3183,Exchange Place,,2019-01-01,2019-05-20,11840
3,2,3792,Columbus Dr at Exchange Pl,88.0,2019-07-11,2021-01-31,46584
3,3,JC106,Columbus Dr at Exchange Pl,0.0,2021-02-03,2023-01-23,65133
3,4,JC116,Exchange Pl,141.0,2023-03-02,2024-12-31,74367
6,1,3186,Grove St PATH,,2019-01-01,2021-01-31,156408
6,2,JC005,Grove St PATH,0.0,2021-02-03,2022-12-29,145315
6,3,JC115,Grove St PATH,20.0,2022-12-29,2024-12-31,198561
12,1,3195,Sip Ave,,2019-01-01,2021-01-31,64499
12,2,JC056,Sip Ave,0.0,2021-02-01,2022-06-29,52839
12,3,JC109,Bergen Ave & Sip Ave,46.0,2022-07-12,2024-12-31,103134
19,1,3205,JC Medical Center,,2019-01-01,2021-01-31,36211
19,2,JC011,JC Medical Center,0.0,2021-02-03,2022-11-01,37239
19,3,JC110,JC Medical Center,128.0,2022-11-01,2024-12-31,48671
45,1,3481,York St,,2019-01-01,2021-01-31,14062
45,2,JC096,York St,0.0,2021-02-04,2022-09-21,312
45,3,JC097,York St & Marin Blvd,116.0,2022-09-21,2024-12-31,18332
209,1,HB405,Grand St & 2 St,,2021-05-13,2021-10-29,13885
209,2,HB407,Adams St & 2 St,97.0,2021-10-29,2024-12-31,68867
217,1,HB507,Adams St & 11 St,,2021-05-14,2023-09-13,28839
217,2,HB610,Adams St & 12 St,110.0,2023-09-13,2024-12-31,15576
221,1,HB607,Hudson St & 4 St,,2021-10-08,2023-09-13,61727
221,2,HB611,4 St & River St,102.0,2023-09-13,2024-12-31,39263
