station_name,dark_from,dark_to,days_dark
York St & Marin Blvd,2021-04-02,2022-09-20,537
Fairmount Ave,2021-07-28,2022-01-22,179
Stevens - River Ter & 6 St,2021-08-11,2022-01-22,165
2 St HBLR - 2 St & Marshall St,2021-07-03,2021-10-29,119
Hoboken Terminal - River St & Hudson Pl,2021-06-04,2021-07-26,53
Exchange Pl,2019-05-21,2019-07-10,51
Hoboken Terminal - River St & Hudson Pl,2022-04-15,2022-06-02,49
Exchange Pl,2023-01-23,2023-03-01,38
Dey St,2019-09-13,2019-10-13,31
8 St & Washington St,2022-11-02,2022-12-01,30
14 St Ferry - 14 St & Shipyard Ln,2023-07-08,2023-08-02,26
2 St & Park Ave,2024-07-13,2024-08-06,25
Lincoln Park,2023-10-24,2023-11-16,24
Columbus Park - Clinton St & 9 St,2022-11-08,2022-12-01,24
Bergen Ave & Sip Ave,2022-06-23,2022-07-11,19
Lincoln Park,2022-12-18,2023-01-04,18
Jackson Square,2022-01-03,2022-01-20,18
Columbus Park - Clinton St & 9 St,2022-12-24,2023-01-10,18
Leonard Gordon Park,2020-12-16,2020-12-31,16
